text,start,end,fontsize,bold,italic,rgb,x_coord,y_coord,width,height,num_page,word_idx,line_idx,tail,label
Xxxxxxx,0,7,9.0,True,False,0,343,78,53,5,0,0,0, ,B-Personal_Data
Xxxxx,8,13,9.0,True,False,0,401,78,43,5,0,1,0, ,I-Personal_Data
xx,14,16,9.0,True,False,0,449,78,16,5,0,2,0, ,I-Personal_Data
Xxxxxx,17,23,9.0,True,False,0,469,78,55,5,0,3,0,"


",I-Personal_Data
Xxxxxxxxxx,26,36,9.0,False,False,0,343,103,66,6,0,4,1,,I-Personal_Data
",",36,37,9.0,False,False,0,409,103,5,6,0,5,1, ,I-Personal_Data
Xxxxxx,38,44,9.0,False,False,0,418,103,49,6,0,6,1,,I-Personal_Data
",",44,45,9.0,False,False,0,467,103,5,6,0,7,1, ,I-Personal_Data
00,46,48,9.0,False,False,0,476,103,17,6,0,8,1, ,I-Personal_Data
xxxx,49,53,9.0,False,False,0,497,103,30,6,0,9,1,,I-Personal_Data
.,53,54,9.0,False,False,0,527,103,5,6,0,10,1,"

",I-Personal_Data
Xxx,56,59,9.0,False,False,0,343,116,25,5,0,11,2, ,I-Personal_Data
Xxxx,60,64,9.0,False,False,0,373,116,29,5,0,12,2, ,I-Personal_Data
xxx,65,68,9.0,False,False,0,406,116,23,5,0,13,2, ,I-Personal_Data
Xxxxxx,69,75,9.0,False,False,0,433,116,55,5,0,14,2,,I-Personal_Data
/,75,76,9.0,False,False,0,488,116,5,5,0,15,2,,I-Personal_Data
XX,76,78,9.0,False,False,0,493,116,18,5,0,16,2,"

",I-Personal_Data
Xxx,80,83,9.0,False,False,0,343,130,23,5,0,17,3,,I-Personal_Data
.,83,84,9.0,False,False,0,366,130,4,5,0,18,3,,I-Personal_Data
:,84,85,9.0,False,False,0,370,130,5,5,0,19,3, ,I-Personal_Data
(,86,87,9.0,False,False,0,379,130,5,5,0,20,3,,I-Personal_Data
00,87,89,9.0,False,False,0,384,130,17,5,0,21,3,,I-Personal_Data
),89,90,9.0,False,False,0,401,130,6,5,0,22,3, ,I-Personal_Data
0,91,92,9.0,False,False,0,411,130,8,5,0,23,3, ,I-Personal_Data
0000,93,97,9.0,False,False,0,423,130,34,5,0,24,3,,I-Personal_Data
-,97,98,9.0,False,False,0,457,130,6,5,0,25,3,,I-Personal_Data
0000,98,102,9.0,False,False,0,463,130,33,5,0,26,3,"

",I-Personal_Data
X,104,105,9.0,False,False,0,343,144,10,6,0,27,4,,I-Personal_Data
-,105,106,9.0,False,False,0,353,144,6,6,0,28,4,,I-Personal_Data
xxxx,106,110,9.0,False,False,0,359,144,30,6,0,29,4,,I-Personal_Data
:,110,111,9.0,False,False,0,389,144,4,6,0,30,4, ,I-Personal_Data
xxxxxxxxxxxxxxxxx,112,129,9.0,False,False,255,398,144,124,6,0,31,4,,I-Personal_Data
@,129,130,9.0,False,False,255,523,144,15,6,0,32,4,,I-Personal_Data
xxxxx,130,135,9.0,False,False,255,538,144,38,6,0,33,4,,I-Personal_Data
.,135,136,9.0,False,False,255,576,144,4,6,0,34,4,,I-Personal_Data
xxx,136,139,9.0,False,False,255,580,144,29,6,0,35,4,"

",I-Personal_Data
XxxxxxXx,141,149,9.0,False,False,0,343,157,62,5,0,36,5,,I-Personal_Data
:,149,150,9.0,False,False,0,405,157,4,5,0,37,5, ,I-Personal_Data
xxxxx,151,156,9.0,False,False,255,414,157,32,5,0,38,5,,I-Personal_Data
:,156,157,9.0,False,False,255,446,157,5,5,0,39,5,,I-Personal_Data
/,157,158,9.0,False,False,255,451,157,4,5,0,40,5,,I-Personal_Data
/,158,159,9.0,False,False,255,455,157,5,5,0,41,5,,I-Personal_Data
xxx,159,162,9.0,False,False,255,460,157,36,5,0,42,5,,I-Personal_Data
.,162,163,9.0,False,False,255,496,157,5,5,0,43,5,,I-Personal_Data
xxxxxxxx,163,171,9.0,False,False,255,501,157,55,5,0,44,5,,I-Personal_Data
.,171,172,9.0,False,False,255,556,157,4,5,0,45,5,,I-Personal_Data
xxx,172,175,9.0,False,False,255,560,157,29,5,0,46,5,,I-Personal_Data
/,175,176,9.0,False,False,255,589,157,4,5,0,47,5,,I-Personal_Data
xx,176,178,9.0,False,False,255,593,157,14,5,0,48,5,,I-Personal_Data
/,178,179,9.0,False,False,255,606,157,5,5,0,49,5,,I-Personal_Data
xxxxxxx,179,186,9.0,False,False,255,611,157,47,5,0,50,5,,I-Personal_Data
-,186,187,9.0,False,False,255,658,157,6,5,0,51,5,,I-Personal_Data
xxxxx,187,192,9.0,False,False,255,663,157,39,5,0,52,5,"



",I-Personal_Data
Xxxxxxxxx,196,205,9.0,True,False,0,95,185,69,6,0,53,6,,B-Objective
:,205,206,9.0,True,False,0,164,185,6,6,0,54,6, ,I-Objective
Xx,207,209,9.0,False,False,0,174,185,24,6,0,55,6, ,I-Objective
xxxxx,210,215,9.0,False,False,0,202,185,38,6,0,56,6, ,I-Objective
xx,216,218,9.0,False,False,0,245,185,16,6,0,57,6, ,I-Objective
xxxxxxxxxxxxx,219,232,9.0,True,False,0,265,185,103,6,0,58,6, ,I-Objective
xxx,233,236,9.0,True,False,0,373,185,24,6,0,59,6, ,I-Objective
xxxxxxx,237,244,9.0,True,False,0,402,185,54,6,0,60,6, ,I-Objective
xx,245,247,9.0,True,False,0,460,185,17,6,0,61,6, ,I-Objective
Xxxxxxxx,248,256,9.0,True,False,0,482,185,60,6,0,62,6, ,I-Objective
Xxxxxxxxxxxxxx,257,271,9.0,True,False,0,546,185,109,6,0,63,6, ,I-Objective
|,272,273,9.0,True,False,0,660,185,3,6,0,64,6, ,I-Objective
Xxxxxxxxxx,274,284,9.0,True,False,0,668,185,77,6,0,65,6, ,I-Objective
|,285,286,9.0,True,False,0,750,185,3,6,0,66,6, ,I-Objective
Xxxxxxxxxxx,287,298,9.0,True,False,0,758,185,93,6,0,67,6, ,I-Objective
xx,299,301,9.0,True,False,0,856,185,17,6,0,68,6, ,I-Objective
Xxxxxxx,302,309,9.0,True,False,0,877,185,51,6,0,69,6,"

",I-Objective
xx,311,313,9.0,False,False,0,95,198,17,5,0,70,7, ,I-Objective
xx,314,316,9.0,False,False,0,116,198,21,5,0,71,7, ,I-Objective
xxxxxx,317,323,9.0,False,False,0,141,198,41,5,0,72,7, ,I-Objective
xxxxx,324,329,9.0,False,False,0,186,198,34,5,0,73,7, ,I-Objective
xxxxxx,330,336,9.0,False,False,0,225,198,43,5,0,74,7, ,I-Objective
xx,337,339,9.0,False,False,0,272,198,17,5,0,75,7, ,I-Objective
xxx,340,343,9.0,False,False,0,293,198,28,5,0,76,7, ,I-Objective
xxxxxx,344,350,9.0,False,False,0,326,198,36,5,0,77,7, ,I-Objective
xxxxxxxxxxxx,351,363,9.0,False,False,0,366,198,80,5,0,78,7,,I-Objective
.,363,364,9.0,False,False,0,446,198,4,5,0,79,7, ,I-Objective
Xxxxxxxxxxxxxxx,365,380,9.0,False,False,0,454,198,107,5,0,80,7, ,I-Objective
xxxx,381,385,9.0,False,False,0,566,198,29,5,0,81,7, ,I-Objective
xxxxxxx,386,393,9.0,False,False,0,599,198,51,5,0,82,7, ,I-Objective
x,394,395,9.0,False,False,0,654,198,8,5,0,83,7, ,I-Objective
xxxxxx,396,402,9.0,False,False,0,666,198,38,5,0,84,7, ,I-Objective
xxxxxxxx,403,411,9.0,False,False,0,708,198,59,5,0,85,7,,I-Objective
.,411,412,9.0,False,False,0,767,198,5,5,0,86,7,"


",I-Objective
Xxxxxxx,415,422,9.0,True,False,0,95,223,50,5,0,87,8, ,B-About
xx,423,425,9.0,True,False,0,150,223,16,5,0,88,8, ,I-About
Xxxxxxxxxxxxx,426,439,9.0,True,False,0,171,223,96,5,0,89,8, ,I-About
x,440,441,9.0,True,False,0,271,223,7,5,0,90,8, ,I-About
Xxxxxxxxxxxx,442,454,9.0,True,False,0,283,223,100,5,0,91,8,,I-About
:,454,455,9.0,True,False,0,383,223,6,5,0,92,8,"
",I-About
Xxxxxxxxxxxx,456,468,9.0,False,False,0,95,236,80,5,0,93,9, ,I-About
xxx,469,472,9.0,False,False,0,181,236,29,5,0,94,9, ,I-About
xxxxxxxx,473,481,9.0,False,False,0,216,236,51,5,0,95,9, ,I-About
xxxxxxxxxxxx,482,494,9.0,False,False,0,273,236,88,5,0,96,9, ,I-About
xx,495,497,9.0,False,False,0,367,236,16,5,0,97,9, ,I-About
xxxxx,498,503,9.0,False,False,0,389,236,38,5,0,98,9, ,I-About
xx,504,506,9.0,False,False,0,433,236,15,5,0,99,9, ,I-About
00,507,509,9.0,False,False,0,455,236,17,5,0,100,9, ,I-About
xxxx,510,514,9.0,False,False,0,477,236,31,5,0,101,9, ,I-About
xx,515,517,9.0,False,False,0,514,236,21,5,0,102,9, ,I-About
xxxxxxxx,518,526,9.0,False,False,0,540,236,63,5,0,103,9, ,I-About
xxxxxxxxxxxxxx,527,541,9.0,False,False,0,608,236,99,5,0,104,9, ,I-About
x,542,543,9.0,False,False,0,713,236,7,5,0,105,9, ,I-About
xxxxxxxxx,544,553,9.0,False,False,0,726,236,63,5,0,106,9, ,I-About
xx,554,556,9.0,False,False,0,796,236,15,5,0,107,9, ,I-About
xxxxxx,557,563,9.0,False,False,0,817,236,46,5,0,108,9, ,I-About
xxxxx,564,569,9.0,False,False,0,869,236,34,5,0,109,9, ,I-About
xxx,570,573,9.0,False,False,0,909,236,22,5,0,110,9,"

",I-About
xxxxx,575,580,9.0,False,False,0,95,250,35,5,0,111,10, ,I-About
Xxxxxxxxxxxxxx,581,595,9.0,False,False,0,135,250,101,5,0,112,10,,I-About
",",595,596,9.0,False,False,0,236,250,5,5,0,113,10, ,I-About
Xxxxxxx,597,604,9.0,False,False,0,246,250,60,5,0,114,10, ,I-About
Xxxxxxxxxx,605,615,9.0,False,False,0,311,250,71,5,0,115,10, ,I-About
x,616,617,9.0,False,False,0,388,250,7,5,0,116,10, ,I-About
Xxxxxxxxxxx,618,629,9.0,False,False,0,401,250,87,5,0,117,10, ,I-About
xx,630,632,9.0,False,False,0,493,250,16,5,0,118,10, ,I-About
Xxxxxxx,633,640,9.0,False,False,0,515,250,48,5,0,119,10,,I-About
.,640,641,9.0,False,False,0,563,250,4,5,0,120,10, ,I-About
Xxxxxxx,642,649,9.0,False,False,0,572,250,60,5,0,121,10, ,I-About
xx,650,652,9.0,False,False,0,637,250,21,5,0,122,10, ,I-About
xxxxxxxx,653,661,9.0,False,False,0,663,250,54,5,0,123,10, ,I-About
xx,662,664,9.0,False,False,0,722,250,16,5,0,124,10, ,I-About
xxxxxxxxxx,665,675,9.0,False,False,0,743,250,76,5,0,125,10, ,I-About
x,676,677,9.0,False,False,0,824,250,7,5,0,126,10, ,I-About
xxxxxxxxxxx,678,689,9.0,False,False,0,837,250,73,5,0,127,10, ,I-About
xx,690,692,9.0,False,False,0,915,250,16,5,0,128,10,"

",I-About
xxxxxxxx,694,702,9.0,False,False,0,95,264,51,6,0,129,11,,I-About
",",702,703,9.0,False,False,0,146,264,5,6,0,130,11, ,I-About
xxxxxx,704,710,9.0,False,False,0,157,264,43,6,0,131,11, ,I-About
xx,711,713,9.0,False,False,0,206,264,16,6,0,132,11, ,I-About
xxxxxxxx,714,722,9.0,False,False,0,229,264,50,6,0,133,11,,I-About
",",722,723,9.0,False,False,0,279,264,4,6,0,134,11, ,I-About
xxxxxxxxxxxxx,724,737,9.0,False,False,0,290,264,86,6,0,135,11, ,I-About
xx,738,740,9.0,False,False,0,383,264,16,6,0,136,11, ,I-About
xxxxxxxxxxxxx,741,754,9.0,False,False,0,405,264,95,6,0,137,11, ,I-About
x,755,756,9.0,False,False,0,507,264,7,6,0,138,11, ,I-About
xxxxxx,757,763,9.0,False,False,0,520,264,40,6,0,139,11,,I-About
",",763,764,9.0,False,False,0,560,264,4,6,0,140,11, ,I-About
xxxxxxx,765,772,9.0,False,False,0,570,264,47,6,0,141,11, ,I-About
xx,773,775,9.0,False,False,0,623,264,16,6,0,142,11, ,I-About
xxxxxxxxxx,776,786,9.0,False,False,0,645,264,72,6,0,143,11,,I-About
",",786,787,9.0,False,False,0,717,264,4,6,0,144,11, ,I-About
xxxxxxxxxxxxxxx,788,803,9.0,False,False,0,727,264,115,6,0,145,11, ,I-About
xx,804,806,9.0,False,False,0,848,264,16,6,0,146,11, ,I-About
xxxxx,807,812,9.0,False,False,0,871,264,37,6,0,147,11, ,I-About
xx,813,815,9.0,False,False,0,914,264,16,6,0,148,11,"

",I-About
xxxxxxxx,817,825,9.0,False,False,0,95,277,60,5,0,149,12,,I-About
",",825,826,9.0,False,False,0,155,277,4,5,0,150,12, ,I-About
xxxxx,827,832,9.0,False,False,0,164,277,38,5,0,151,12, ,I-About
xx,833,835,9.0,False,False,0,207,277,21,5,0,152,12, ,I-About
xxxxxxxxxxxxx,836,849,9.0,False,False,0,233,277,86,5,0,153,12, ,I-About
x,850,851,9.0,False,False,0,325,277,7,5,0,154,12, ,I-About
xxxxxxxxxx,852,862,9.0,False,False,0,337,277,62,5,0,155,12, ,I-About
xx,863,865,9.0,False,False,0,404,277,16,5,0,156,12, ,I-About
xxx,866,869,9.0,False,False,0,426,277,24,5,0,157,12, ,I-About
xxxxxxxxxxxxx,870,883,9.0,False,False,0,455,277,100,5,0,158,12,,I-About
.,883,884,9.0,False,False,0,555,277,4,5,0,159,12, ,I-About
Xxxxxxxxxxx,885,896,9.0,False,False,0,565,277,80,5,0,160,12, ,I-About
xxx,897,900,9.0,False,False,0,650,277,29,5,0,161,12, ,I-About
xxxxxxxxxxx,901,912,9.0,False,False,0,684,277,83,5,0,162,12, ,I-About
x,913,914,9.0,False,False,0,773,277,7,5,0,163,12, ,I-About
xxxxxxxxxx,915,925,9.0,False,False,0,786,277,80,5,0,164,12,,I-About
",",925,926,9.0,False,False,0,866,277,4,5,0,165,12, ,I-About
xxxxxxxx,927,935,9.0,False,False,0,875,277,56,5,0,166,12,"

",I-About
xx,937,939,9.0,False,False,0,95,291,17,5,0,167,13, ,I-About
xxxxx,940,945,9.0,False,False,0,118,291,35,5,0,168,13, ,I-About
xx,946,948,9.0,False,False,0,160,291,16,5,0,169,13, ,I-About
xxxxx,949,954,9.0,False,False,0,182,291,36,5,0,170,13,,I-About
",",954,955,9.0,False,False,0,218,291,4,5,0,171,13, ,I-About
xxxxxxxxxxxx,956,968,9.0,False,False,0,228,291,89,5,0,172,13, ,I-About
xx,969,971,9.0,False,False,0,323,291,16,5,0,173,13, ,I-About
xxxxxxxxx,972,981,9.0,False,False,0,346,291,63,5,0,174,13,,I-About
",",981,982,9.0,False,False,0,409,291,4,5,0,175,13, ,I-About
xxxxxxxxxxxxxxx,983,998,9.0,False,False,0,420,291,109,5,0,176,13, ,I-About
xx,999,1001,9.0,False,False,0,535,291,16,5,0,177,13, ,I-About
xxxxxxxx,1002,1010,9.0,False,False,0,557,291,59,5,0,178,13, ,I-About
x,1011,1012,9.0,False,False,0,622,291,8,5,0,179,13, ,I-About
xxxxxxxx,1013,1021,9.0,False,False,0,636,291,55,5,0,180,13, ,I-About
xxxxxxxxx,1022,1031,9.0,False,False,0,698,291,64,5,0,181,13,,I-About
",",1031,1032,9.0,False,False,0,763,291,4,5,0,182,13, ,I-About
xxxx,1033,1037,9.0,False,False,0,773,291,24,5,0,183,13, ,I-About
xxxx,1038,1042,9.0,False,False,0,803,291,37,5,0,184,13,,I-About
:,1042,1043,9.0,False,False,0,840,291,5,5,0,185,13, ,I-About
Xxxxxxxxxx,1044,1054,9.0,False,False,0,851,291,76,5,0,186,13,,I-About
",",1054,1055,9.0,False,False,0,927,291,4,5,0,187,13,"

",I-About
xxxxxxx,1057,1064,9.0,False,False,0,95,305,51,5,0,188,14,,I-About
",",1064,1065,9.0,False,False,0,146,305,4,5,0,189,14, ,I-About
xxxxxxx,1066,1073,9.0,False,False,0,155,305,46,5,0,190,14, ,I-About
xxxxxxx,1074,1081,9.0,False,False,0,206,305,49,5,0,191,14, ,I-About
x,1082,1083,9.0,False,False,0,259,305,8,5,0,192,14, ,I-About
xxxxxxxxxx,1084,1094,9.0,False,False,0,271,305,76,5,0,193,14,,I-About
",",1094,1095,9.0,False,False,0,347,305,4,5,0,194,14, ,I-About
xxxxxxxxxxxxx,1096,1109,9.0,False,False,0,356,305,88,5,0,195,14,,I-About
",",1109,1110,9.0,False,False,0,444,305,4,5,0,196,14, ,I-About
xxxxxxxxxxx,1111,1122,9.0,False,False,0,452,305,78,5,0,197,14, ,I-About
xxxxxxx,1123,1130,9.0,False,False,0,534,305,51,5,0,198,14, ,I-About
x,1131,1132,9.0,False,False,0,589,305,7,5,0,199,14, ,I-About
xxxxxxx,1133,1140,9.0,False,False,0,601,305,46,5,0,200,14, ,I-About
xxxxxxxxxx,1141,1151,9.0,False,False,0,652,305,76,5,0,201,14,,I-About
.,1151,1152,9.0,False,False,0,728,305,4,5,0,202,14, ,I-About
Xxxxxx,1153,1159,9.0,False,False,0,737,305,47,5,0,203,14, ,I-About
XXX,1160,1163,9.0,False,False,0,789,305,35,5,0,204,14, ,I-About
X,1164,1165,9.0,False,False,0,828,305,11,5,0,205,14,,I-About
.,1165,1166,9.0,False,False,0,839,305,4,5,0,206,14,"

",I-About
Xxxxxx,1168,1174,9.0,False,False,0,95,318,48,5,0,207,15, ,I-About
xxxxx,1175,1180,9.0,False,False,0,152,318,29,5,0,208,15, ,I-About
xxxxxxxxx,1181,1190,9.0,False,False,0,190,318,67,5,0,209,15,,I-About
",",1190,1191,9.0,False,False,0,257,318,5,5,0,210,15, ,I-About
xxxx,1192,1196,9.0,False,False,0,271,318,29,5,0,211,15, ,I-About
xx,1197,1199,9.0,False,False,0,309,318,21,5,0,212,15, ,I-About
xxxxxxxxxx,1200,1210,9.0,False,False,0,339,318,68,5,0,213,15,,I-About
",",1210,1211,9.0,False,False,0,407,318,4,5,0,214,15, ,I-About
xxxxxxxx,1212,1220,9.0,False,False,0,420,318,60,5,0,215,15,,I-About
",",1220,1221,9.0,False,False,0,480,318,4,5,0,216,15, ,I-About
xxxxxx,1222,1228,9.0,False,False,0,493,318,37,5,0,217,15, ,I-About
xxxxx,1229,1234,9.0,False,False,0,539,318,39,5,0,218,15,,I-About
-,1234,1235,9.0,False,False,0,578,318,6,5,0,219,15,,I-About
xx,1235,1237,9.0,False,False,0,584,318,17,5,0,220,15,,I-About
",",1237,1238,9.0,False,False,0,601,318,4,5,0,221,15, ,I-About
xxxxxxxxxxxxxx,1239,1253,9.0,False,False,0,614,318,104,5,0,222,15, ,I-About
xxx,1254,1257,9.0,False,False,0,726,318,30,5,0,223,15, ,I-About
xxxxxxx,1258,1265,9.0,False,False,0,764,318,45,5,0,224,15,,I-About
",",1265,1266,9.0,False,False,0,809,318,4,5,0,225,15, ,I-About
xxxxx,1267,1272,9.0,False,False,0,822,318,38,5,0,226,15, ,I-About
xx,1273,1275,9.0,False,False,0,869,318,15,5,0,227,15, ,I-About
xxxx,1276,1280,9.0,False,False,0,893,318,34,5,0,228,15,,I-About
",",1280,1281,9.0,False,False,0,927,318,4,5,0,229,15,"

",I-About
xxxxxxxxxx,1283,1293,9.0,False,False,0,95,332,75,5,0,230,16,,I-About
",",1293,1294,9.0,False,False,0,171,332,4,5,0,231,16, ,I-About
xxxxx,1295,1300,9.0,False,False,0,185,332,35,5,0,232,16, ,I-About
xxxxxxxxxxx,1301,1312,9.0,False,False,0,231,332,71,5,0,233,16, ,I-About
x,1313,1314,9.0,False,False,0,313,332,7,5,0,234,16, ,I-About
xxxxxxxxx,1315,1324,9.0,False,False,0,330,332,74,5,0,235,16,,I-About
.,1324,1325,9.0,False,False,0,405,332,4,5,0,236,16, ,I-About
Xxxxxxxxxx,1326,1336,9.0,False,False,0,419,332,78,5,0,237,16, ,I-About
xxxx,1337,1341,9.0,False,False,0,507,332,29,5,0,238,16, ,I-About
xxxxxxxxxxx,1342,1353,9.0,False,False,0,546,332,77,5,0,239,16, ,I-About
xx,1354,1356,9.0,False,False,0,633,332,22,5,0,240,16, ,I-About
xxxxxx,1357,1363,9.0,False,False,0,665,332,50,5,0,241,16, ,I-About
xxxxxx,1364,1370,9.0,False,False,0,725,332,46,5,0,242,16, ,I-About
xx,1371,1373,9.0,False,False,0,781,332,16,5,0,243,16, ,I-About
xxxxxxx,1374,1381,9.0,False,False,0,807,332,45,5,0,244,16,,I-About
",",1381,1382,9.0,False,False,0,852,332,4,5,0,245,16, ,I-About
xxxxxxxxx,1383,1392,9.0,False,False,0,866,332,64,5,0,246,16,"

",I-About
xxxxxxxxxxx,1394,1405,9.0,False,False,0,95,346,76,6,0,247,17,,I-About
.,1405,1406,9.0,False,False,0,171,346,4,6,0,248,17, ,I-About
Xxxxxxxxxx,1407,1417,9.0,False,False,0,179,346,70,6,0,249,17, ,I-About
xx,1418,1420,9.0,False,False,0,253,346,17,6,0,250,17, ,I-About
xxxxxxxx,1421,1429,9.0,False,False,0,274,346,55,6,0,251,17, ,I-About
xx,1430,1432,9.0,False,False,0,333,346,21,6,0,252,17, ,I-About
xxxxxx,1433,1439,9.0,False,False,0,358,346,44,6,0,253,17,,I-About
",",1439,1440,9.0,False,False,0,402,346,5,6,0,254,17, ,I-About
xxx,1441,1444,9.0,False,False,0,411,346,29,6,0,255,17, ,I-About
xxxx,1445,1449,9.0,False,False,0,444,346,37,6,0,256,17, ,I-About
xx,1450,1452,9.0,False,False,0,486,346,16,6,0,257,17, ,I-About
xxxxxxxxxxx,1453,1464,9.0,False,False,0,506,346,90,6,0,258,17, ,I-About
xx,1465,1467,9.0,False,False,0,600,346,16,6,0,259,17, ,I-About
xxxxx,1468,1473,9.0,False,False,0,620,346,39,6,0,260,17, ,I-About
x,1474,1475,9.0,False,False,0,663,346,8,6,0,261,17, ,I-About
xxxxxx,1476,1482,9.0,False,False,0,675,346,44,6,0,262,17,,I-About
.,1482,1483,9.0,False,False,0,719,346,4,6,0,263,17,"


",I-About
Xxxxxxxx,1486,1494,9.0,True,False,0,95,370,73,5,0,264,18,,B-Education
:,1494,1495,9.0,False,False,0,168,370,5,5,0,265,18,"

 ",I-Education
Xxxxxxxxx,1498,1507,9.0,False,False,0,119,385,73,6,0,266,19, ,I-Education
Xxxxxxxx,1508,1516,9.0,False,False,0,196,385,64,6,0,267,19, ,I-Education
(,1517,1518,9.0,False,False,0,264,385,6,6,0,268,19,,I-Education
Xxxxxxxxxxxxx,1518,1531,9.0,False,False,0,270,385,99,6,0,269,19, ,I-Education
–,1532,1533,9.0,False,False,0,373,385,9,6,0,270,19, ,I-Education
XXXXXX,1534,1540,9.0,False,False,0,386,385,69,6,0,271,19,,I-Education
),1540,1541,9.0,False,False,0,455,385,5,6,0,272,19,,I-Education
.,1541,1542,9.0,False,False,0,460,385,4,6,0,273,19,"

 ",I-Education
Xxx,1545,1548,9.0,False,False,0,119,399,24,5,0,274,20,,B-Education
-,1548,1549,9.0,False,False,0,143,399,6,5,0,275,20,,I-Education
xxxxxxxxx,1549,1558,9.0,False,False,0,149,399,69,5,0,276,20, ,I-Education
(,1559,1560,9.0,False,False,0,222,399,5,5,0,277,20,,I-Education
Xxxxxx,1560,1566,9.0,False,False,0,228,399,46,5,0,278,20, ,I-Education
xx,1567,1569,9.0,False,False,0,278,399,16,5,0,279,20, ,I-Education
Xxxxxxx,1570,1577,9.0,False,False,0,298,399,53,5,0,280,20, ,I-Education
x,1578,1579,9.0,False,False,0,355,399,7,5,0,281,20, ,I-Education
Xxxxxxxx,1580,1588,9.0,False,False,0,367,399,65,5,0,282,20, ,I-Education
Xxxxxxxxxxx,1589,1600,9.0,False,False,0,436,399,80,5,0,283,20, ,I-Education
–,1601,1602,9.0,False,False,0,521,399,8,5,0,284,20, ,I-Education
XXXXXX,1603,1609,9.0,False,False,0,533,399,69,5,0,285,20,,I-Education
",",1609,1610,9.0,False,False,0,602,399,4,5,0,286,20, ,I-Education
0000,1611,1615,9.0,False,False,0,611,399,33,5,0,287,20,,I-Education
),1615,1616,9.0,False,False,0,644,399,6,5,0,288,20,,I-Education
.,1616,1617,9.0,False,False,0,650,399,4,5,0,289,20,"

 ",I-Education
Xxxxxxxxx,1620,1629,9.0,False,False,0,119,414,73,5,0,290,21, ,B-Education
(,1630,1631,9.0,False,False,0,196,414,5,5,0,291,21,,I-Education
Xxxxxxxxxx,1631,1641,9.0,False,False,0,201,414,76,5,0,292,21, ,I-Education
xx,1642,1644,9.0,False,False,0,281,414,21,5,0,293,21, ,I-Education
Xxxxxx,1645,1651,9.0,False,False,0,306,414,46,5,0,294,21, ,I-Education
xx,1652,1654,9.0,False,False,0,357,414,15,5,0,295,21, ,I-Education
Xxxxxxxx,1655,1663,9.0,False,False,0,377,414,61,5,0,296,21, ,I-Education
Xxxxxxx,1664,1671,9.0,False,False,0,442,414,64,5,0,297,21, ,I-Education
–,1672,1673,9.0,False,False,0,511,414,8,5,0,298,21, ,I-Education
XXXXXX,1674,1680,9.0,False,False,0,524,414,69,5,0,299,21,,I-Education
",",1680,1681,9.0,False,False,0,593,414,4,5,0,300,21, ,I-Education
0000,1682,1686,9.0,False,False,0,601,414,34,5,0,301,21,,I-Education
),1686,1687,9.0,False,False,0,635,414,6,5,0,302,21,,I-Education
.,1687,1688,9.0,False,False,0,641,414,4,5,0,303,21,"

",I-Education
Xxxxxxxxxxxx,1690,1702,9.0,True,False,0,95,439,88,6,0,304,22,,B-Other
:,1702,1703,9.0,True,False,0,183,439,5,6,0,305,22,"

 ",I-Other
XXX,1706,1709,9.0,False,False,0,119,453,33,5,0,306,23,,I-Other
-,1709,1710,9.0,False,False,0,152,453,5,5,0,307,23,,I-Other
00,1710,1712,9.0,False,False,0,157,453,17,5,0,308,23, ,I-Other
–,1713,1714,9.0,False,False,0,178,453,9,5,0,309,23, ,I-Other
XXXXXX,1715,1721,9.0,False,False,0,191,453,71,5,0,310,23,,I-Other
",",1721,1722,9.0,False,False,0,261,453,5,5,0,311,23, ,I-Other
0000,1723,1727,9.0,False,False,0,270,453,34,5,0,312,23,,I-Other
.,1727,1728,9.0,False,False,0,304,453,4,5,0,313,23,"


",I-Other
Xxxxxxxxxxx,1731,1742,9.0,True,False,0,95,478,86,6,0,314,24, ,B-Other
/,1743,1744,9.0,True,False,0,185,478,5,6,0,315,24, ,I-Other
Xxxxxxxx,1745,1753,9.0,True,False,0,194,478,62,6,0,316,24,,I-Other
:,1753,1754,9.0,False,False,0,256,478,5,6,0,317,24,"

 ",I-Other
Xxxxxx,1757,1763,9.0,False,False,0,119,492,45,5,0,318,25, ,I-Other
Xxxxxx,1764,1770,9.0,False,False,0,168,492,43,5,0,319,25, ,I-Other
Xxxxxxxx,1771,1779,9.0,False,False,0,215,492,66,5,0,320,25, ,I-Other
x,1780,1781,9.0,False,False,0,285,492,8,5,0,321,25, ,I-Other
XXX,1782,1785,9.0,False,False,0,297,492,31,5,0,322,25,,I-Other
.,1785,1786,9.0,False,False,0,328,492,4,5,0,323,25,"


",I-Other
Xxxxxxxxxxx,1789,1800,9.0,True,False,0,95,517,86,5,0,324,26, ,B-Work_Experience
Xxxxxxxxxxxx,1801,1813,9.0,True,False,0,185,517,85,5,0,325,26,,I-Work_Experience
:,1813,1814,9.0,True,False,0,270,517,5,5,0,326,26,"


",I-Work_Experience
Xxxxxxx,1817,1824,9.0,True,False,0,95,542,64,6,0,327,27,,I-Work_Experience
:,1824,1825,9.0,True,False,0,159,542,6,6,0,328,27, ,I-Work_Experience
XXXXXXXXXX,1826,1836,9.0,True,False,0,169,542,108,6,0,329,27, ,I-Work_Experience
XXXX,1837,1841,9.0,True,False,0,281,542,45,6,0,330,27,,I-Work_Experience
.,1841,1842,9.0,True,False,0,326,542,5,6,0,331,27,"
",I-Work_Experience
Xxxxxx,1843,1849,9.0,True,False,0,95,555,53,5,0,332,28,,I-Work_Experience
:,1849,1850,9.0,True,False,0,148,555,6,5,0,333,28, ,I-Work_Experience
Xxxxxxxx,1851,1859,9.0,False,False,0,158,555,64,5,0,334,28, ,I-Work_Experience
xx,1860,1862,9.0,False,False,0,226,555,16,5,0,335,28, ,I-Work_Experience
Xxxxxxxxxxxxxx,1863,1877,9.0,False,False,0,246,555,106,5,0,336,28,"

",I-Work_Experience
Xxxxxxx,1879,1886,9.0,True,False,0,95,569,56,6,0,337,29, ,I-Work_Experience
xx,1887,1889,9.0,True,False,0,155,569,17,6,0,338,29,,I-Work_Experience
:,1889,1890,9.0,False,False,0,172,569,5,6,0,339,29, ,I-Work_Experience
00,1891,1893,9.0,False,False,0,181,569,17,6,0,340,29,,I-Work_Experience
/,1893,1894,9.0,False,False,0,198,569,5,6,0,341,29,,I-Work_Experience
0000,1894,1898,9.0,False,False,0,203,569,33,6,0,342,29, ,I-Work_Experience
xxx,1899,1902,9.0,False,False,0,240,569,20,6,0,343,29, ,I-Work_Experience
x,1903,1904,9.0,False,False,0,264,569,9,6,0,344,29, ,I-Work_Experience
xxxxxxx,1905,1912,9.0,False,False,0,277,569,63,6,0,345,29,"

",I-Work_Experience
Xxxxxxxxxx,1914,1924,9.0,True,False,0,95,582,77,5,0,346,30, ,I-Work_Experience
Xxxxxxxxx,1925,1934,9.0,True,False,0,180,582,71,5,0,347,30,,I-Work_Experience
:,1934,1935,9.0,True,False,0,251,582,5,5,0,348,30, ,I-Work_Experience
Xxxxxxxxxxx,1936,1947,9.0,False,False,0,264,582,85,5,0,349,30, ,I-Work_Experience
xxxx,1948,1952,9.0,False,False,0,357,582,29,5,0,350,30, ,I-Work_Experience
xxxxxxxxxxx,1953,1964,9.0,False,False,0,394,582,83,5,0,351,30, ,I-Work_Experience
xxx,1965,1968,9.0,False,False,0,485,582,23,5,0,352,30, ,I-Work_Experience
xxxxxxxx,1969,1977,9.0,False,False,0,516,582,51,5,0,353,30, ,I-Work_Experience
xxxxxxxx,1978,1986,9.0,False,False,0,575,582,54,5,0,354,30, ,I-Work_Experience
x,1987,1988,9.0,False,False,0,637,582,8,5,0,355,30, ,I-Work_Experience
xxxxxxxx,1989,1997,9.0,False,False,0,653,582,57,5,0,356,30,,I-Work_Experience
",",1997,1998,9.0,False,False,0,710,582,4,5,0,357,30, ,I-Work_Experience
xxxxx,1999,2004,9.0,False,False,0,722,582,41,5,0,358,30, ,I-Work_Experience
xx,2005,2007,9.0,False,False,0,771,582,16,5,0,359,30, ,I-Work_Experience
xxxxxxxx,2008,2016,9.0,False,False,0,795,582,55,5,0,360,30, ,I-Work_Experience
xx,2017,2019,9.0,False,False,0,858,582,16,5,0,361,30, ,I-Work_Experience
xxxxxxx,2020,2027,9.0,False,False,0,882,582,47,5,0,362,30,"

",I-Work_Experience
xxxxxxxxxx,2029,2039,9.0,False,False,0,95,596,76,5,0,363,31, ,I-Work_Experience
x,2040,2041,9.0,False,False,0,179,596,7,5,0,364,31, ,I-Work_Experience
xxxxxxx,2042,2049,9.0,False,False,0,193,596,51,5,0,365,31,,I-Work_Experience
.,2049,2050,9.0,False,False,0,244,596,4,5,0,366,31, ,I-Work_Experience
Xxxxxxx,2051,2058,9.0,False,False,0,256,596,56,5,0,367,31, ,I-Work_Experience
xx,2059,2061,9.0,False,False,0,319,596,15,5,0,368,31, ,I-Work_Experience
xxxxxxxxxx,2062,2072,9.0,False,False,0,342,596,75,5,0,369,31, ,I-Work_Experience
x,2073,2074,9.0,False,False,0,424,596,8,5,0,370,31, ,I-Work_Experience
xxxxxxxxxxx,2075,2086,9.0,False,False,0,439,596,73,5,0,371,31,,I-Work_Experience
",",2086,2087,9.0,False,False,0,512,596,5,5,0,372,31, ,I-Work_Experience
xxxxxx,2088,2094,9.0,False,False,0,524,596,42,5,0,373,31, ,I-Work_Experience
xx,2095,2097,9.0,False,False,0,573,596,16,5,0,374,31, ,I-Work_Experience
xxxxxxxx,2098,2106,9.0,False,False,0,597,596,50,5,0,375,31, ,I-Work_Experience
xx,2107,2109,9.0,False,False,0,654,596,16,5,0,376,31, ,I-Work_Experience
xxxxxxxx,2110,2118,9.0,False,False,0,677,596,51,5,0,377,31,,I-Work_Experience
",",2118,2119,9.0,False,False,0,728,596,4,5,0,378,31, ,I-Work_Experience
xxxxxxxx,2120,2128,9.0,False,False,0,740,596,60,5,0,379,31, ,I-Work_Experience
xx,2129,2131,9.0,False,False,0,807,596,16,5,0,380,31, ,I-Work_Experience
xxxxxxxxxxxxx,2132,2145,9.0,False,False,0,830,596,94,5,0,381,31,,I-Work_Experience
",",2145,2146,9.0,False,False,0,924,596,5,5,0,382,31,"

",I-Work_Experience
xxxxxxxxxx,2148,2158,9.0,False,False,0,95,610,73,6,0,383,32, ,I-Work_Experience
xx,2159,2161,9.0,False,False,0,177,610,16,6,0,384,32, ,I-Work_Experience
xxxxxxxxx,2162,2171,9.0,False,False,0,203,610,60,6,0,385,32, ,I-Work_Experience
xxxxxxxxxx,2172,2182,9.0,False,False,0,273,610,63,6,0,386,32, ,I-Work_Experience
xxxx,2183,2187,9.0,False,False,0,346,610,29,6,0,387,32, ,I-Work_Experience
xxxxxxxx,2188,2196,9.0,False,False,0,385,610,55,6,0,388,32,,I-Work_Experience
",",2196,2197,9.0,False,False,0,440,610,4,6,0,389,32, ,I-Work_Experience
xxxxxxx,2198,2205,9.0,False,False,0,454,610,46,6,0,390,32, ,I-Work_Experience
xx,2206,2208,9.0,False,False,0,510,610,16,6,0,391,32, ,I-Work_Experience
xxxxxxxxxx,2209,2219,9.0,False,False,0,535,610,71,6,0,392,32,,I-Work_Experience
",",2219,2220,9.0,False,False,0,606,610,4,6,0,393,32, ,I-Work_Experience
xxxxxxxxxxxxx,2221,2234,9.0,False,False,0,620,610,87,6,0,394,32, ,I-Work_Experience
xx,2235,2237,9.0,False,False,0,716,610,16,6,0,395,32, ,I-Work_Experience
xxxxxxxxxxxxx,2238,2251,9.0,False,False,0,742,610,95,6,0,396,32, ,I-Work_Experience
x,2252,2253,9.0,False,False,0,846,610,8,6,0,397,32, ,I-Work_Experience
xxxxxx,2254,2260,9.0,False,False,0,863,610,40,6,0,398,32, ,I-Work_Experience
xx,2261,2263,9.0,False,False,0,912,610,16,6,0,399,32,"

",I-Work_Experience
xxxxxxxxxxxxxx,2265,2279,9.0,False,False,0,95,623,103,5,0,400,33,,I-Work_Experience
.,2279,2280,9.0,False,False,0,197,623,5,5,0,401,33,"


",I-Work_Experience
Xxxxxxx,2283,2290,9.0,True,False,0,95,648,64,5,0,402,34,,B-Work_Experience
:,2290,2291,9.0,True,False,0,159,648,6,5,0,403,34, ,I-Work_Experience
XXXXXXXX,2292,2300,9.0,True,False,0,169,648,93,5,0,404,34,,I-Work_Experience
.,2300,2301,9.0,True,False,0,262,648,5,5,0,405,34,"
",I-Work_Experience
Xxxxxx,2302,2308,9.0,True,False,0,95,661,53,5,0,406,35,,I-Work_Experience
:,2308,2309,9.0,True,False,0,148,661,6,5,0,407,35, ,I-Work_Experience
Xxxxx,2310,2315,9.0,False,False,0,158,661,39,5,0,408,35,"

",I-Work_Experience
Xxxxxxx,2317,2324,9.0,True,False,0,95,675,56,5,0,409,36, ,I-Work_Experience
xx,2325,2327,9.0,True,False,0,155,675,17,5,0,410,36,,I-Work_Experience
:,2327,2328,9.0,False,False,0,172,675,5,5,0,411,36, ,I-Work_Experience
00,2329,2331,9.0,False,False,0,181,675,17,5,0,412,36,,I-Work_Experience
/,2331,2332,9.0,False,False,0,198,675,5,5,0,413,36,,I-Work_Experience
0000,2332,2336,9.0,False,False,0,203,675,33,5,0,414,36, ,I-Work_Experience
x,2337,2338,9.0,False,False,0,240,675,8,5,0,415,36, ,I-Work_Experience
00,2339,2341,9.0,False,False,0,252,675,17,5,0,416,36,,I-Work_Experience
/,2341,2342,9.0,False,False,0,269,675,4,5,0,417,36,,I-Work_Experience
0000,2342,2346,9.0,False,False,0,273,675,34,5,0,418,36,"

",I-Work_Experience
Xxxxxxxxxx,2348,2358,9.0,True,False,0,95,689,77,6,0,419,37, ,I-Work_Experience
Xxxxxxxxx,2359,2368,9.0,True,False,0,178,689,71,6,0,420,37,,I-Work_Experience
:,2368,2369,9.0,True,False,0,249,689,5,6,0,421,37, ,I-Work_Experience
Xxxxxxxxxx,2370,2380,9.0,False,False,0,261,689,73,6,0,422,37, ,I-Work_Experience
xx,2381,2383,9.0,False,False,0,341,689,16,6,0,423,37, ,I-Work_Experience
xxxxxxxxxxx,2384,2395,9.0,False,False,0,364,689,82,6,0,424,37, ,I-Work_Experience
xx,2396,2398,9.0,False,False,0,453,689,15,6,0,425,37, ,I-Work_Experience
xxxxx,2399,2404,9.0,False,False,0,475,689,35,6,0,426,37, ,I-Work_Experience
xxx,2405,2408,9.0,False,False,0,516,689,29,6,0,427,37, ,I-Work_Experience
xxxxxx,2409,2415,9.0,False,False,0,551,689,43,6,0,428,37, ,I-Work_Experience
xx,2416,2418,9.0,False,False,0,601,689,20,6,0,429,37, ,I-Work_Experience
xxxxxxxxxx,2419,2429,9.0,False,False,0,628,689,80,6,0,430,37, ,I-Work_Experience
x,2430,2431,9.0,False,False,0,714,689,8,6,0,431,37, ,I-Work_Experience
xxxxxxxxxxxx,2432,2444,9.0,False,False,0,728,689,90,6,0,432,37,,I-Work_Experience
",",2444,2445,9.0,False,False,0,818,689,4,6,0,433,37, ,I-Work_Experience
xxxxxxxxxxx,2446,2457,9.0,False,False,0,828,689,79,6,0,434,37, ,I-Work_Experience
xx,2458,2460,9.0,False,False,0,913,689,16,6,0,435,37,"

",I-Work_Experience
xxxxxxxxx,2462,2471,9.0,False,False,0,95,702,69,5,0,436,38,,I-Work_Experience
",",2471,2472,9.0,False,False,0,164,702,4,5,0,437,38, ,I-Work_Experience
xxxxxxxxxxxxx,2473,2486,9.0,False,False,0,173,702,96,5,0,438,38, ,I-Work_Experience
xxx,2487,2490,9.0,False,False,0,274,702,24,5,0,439,38, ,I-Work_Experience
xxxxxx,2491,2497,9.0,False,False,0,303,702,42,5,0,440,38, ,I-Work_Experience
xxxxxxxxxxx,2498,2509,9.0,False,False,0,350,702,73,5,0,441,38,,I-Work_Experience
",",2509,2510,9.0,False,False,0,423,702,5,5,0,442,38, ,I-Work_Experience
xxxxxxxxxxxx,2511,2523,9.0,False,False,0,433,702,88,5,0,443,38, ,I-Work_Experience
xx,2524,2526,9.0,False,False,0,526,702,16,5,0,444,38, ,I-Work_Experience
xxxxxxxxx,2527,2536,9.0,False,False,0,547,702,64,5,0,445,38,,I-Work_Experience
",",2536,2537,9.0,False,False,0,611,702,4,5,0,446,38, ,I-Work_Experience
xxxxxxxxx,2538,2547,9.0,False,False,0,621,702,67,5,0,447,38, ,I-Work_Experience
xx,2548,2550,9.0,False,False,0,694,702,16,5,0,448,38, ,I-Work_Experience
xxxxxx,2551,2557,9.0,False,False,0,715,702,47,5,0,449,38, ,I-Work_Experience
xxxxxxxxxxxxxx,2558,2572,9.0,False,False,0,767,702,97,5,0,450,38,,I-Work_Experience
",",2572,2573,9.0,False,False,0,864,702,4,5,0,451,38, ,I-Work_Experience
xxxxxxxx,2574,2582,9.0,False,False,0,873,702,56,5,0,452,38,"

",I-Work_Experience
xx,2584,2586,9.0,False,False,0,95,716,16,5,0,453,39, ,I-Work_Experience
xxxxxxxx,2587,2595,9.0,False,False,0,117,716,67,5,0,454,39, ,I-Work_Experience
xx,2596,2598,9.0,False,False,0,190,716,16,5,0,455,39, ,I-Work_Experience
xxxxxxxxxx,2599,2609,9.0,False,False,0,212,716,81,5,0,456,39,,I-Work_Experience
",",2609,2610,9.0,False,False,0,293,716,4,5,0,457,39, ,I-Work_Experience
xxxxxxx,2611,2618,9.0,False,False,0,304,716,47,5,0,458,39, ,I-Work_Experience
xxx,2619,2622,9.0,False,False,0,357,716,22,5,0,459,39, ,I-Work_Experience
xxxxxxxxxxxxx,2623,2636,9.0,False,False,0,385,716,104,5,0,460,39, ,I-Work_Experience
xxxx,2637,2641,9.0,False,False,0,495,716,29,5,0,461,39, ,I-Work_Experience
xxxxxxxx,2642,2650,9.0,False,False,0,530,716,55,5,0,462,39, ,I-Work_Experience
xx,2651,2653,9.0,False,False,0,591,716,16,5,0,463,39, ,I-Work_Experience
xxxxxx,2654,2660,9.0,False,False,0,613,716,43,5,0,464,39,,I-Work_Experience
",",2660,2661,9.0,False,False,0,656,716,4,5,0,465,39, ,I-Work_Experience
xxxxx,2662,2667,9.0,False,False,0,667,716,39,5,0,466,39, ,I-Work_Experience
xx,2668,2670,9.0,False,False,0,713,716,16,5,0,467,39, ,I-Work_Experience
xxxxxxxx,2671,2679,9.0,False,False,0,735,716,58,5,0,468,39, ,I-Work_Experience
xx,2680,2682,9.0,False,False,0,799,716,16,5,0,469,39, ,I-Work_Experience
xxxxxxxxxxxxx,2683,2696,9.0,False,False,0,821,716,94,5,0,470,39, ,I-Work_Experience
x,2697,2698,9.0,False,False,0,921,716,7,5,0,471,39,"

",I-Work_Experience
xxxxxxxx,2700,2708,9.0,False,False,0,95,730,55,6,0,472,40, ,I-Work_Experience
xxxxxxxxx,2709,2718,9.0,False,False,0,157,730,65,6,0,473,40,,I-Work_Experience
.,2718,2719,9.0,False,False,0,221,730,5,6,0,474,40, ,I-Work_Experience
Xxxxxxx,2720,2727,9.0,False,False,0,233,730,56,6,0,475,40, ,I-Work_Experience
xx,2728,2730,9.0,False,False,0,296,730,17,6,0,476,40, ,I-Work_Experience
xxxxxxxx,2731,2739,9.0,False,False,0,320,730,55,6,0,477,40, ,I-Work_Experience
x,2740,2741,9.0,False,False,0,382,730,7,6,0,478,40, ,I-Work_Experience
xxxxxxxxxxxxx,2742,2755,9.0,False,False,0,396,730,107,6,0,479,40, ,I-Work_Experience
xx,2756,2758,9.0,False,False,0,510,730,16,6,0,480,40, ,I-Work_Experience
xxxxxxx,2759,2766,9.0,False,False,0,533,730,54,6,0,481,40, ,I-Work_Experience
xxxxxxxxxx,2767,2777,9.0,False,False,0,594,730,74,6,0,482,40,,I-Work_Experience
",",2777,2778,9.0,False,False,0,668,730,4,6,0,483,40, ,I-Work_Experience
xxxxxxx,2779,2786,9.0,False,False,0,679,730,48,6,0,484,40, ,I-Work_Experience
xx,2787,2789,9.0,False,False,0,734,730,21,6,0,485,40, ,I-Work_Experience
xxxxx,2790,2795,9.0,False,False,0,762,730,36,6,0,486,40, ,I-Work_Experience
xxxx,2796,2800,9.0,False,False,0,805,730,29,6,0,487,40, ,I-Work_Experience
xxxxxxxxx,2801,2810,9.0,False,False,0,841,730,64,6,0,488,40, ,I-Work_Experience
xx,2811,2813,9.0,False,False,0,912,730,16,6,0,489,40,"

",I-Work_Experience
xxxxxxxx,2815,2823,9.0,False,False,0,95,743,59,5,0,490,41, ,I-Work_Experience
xxxxxxxxxx,2824,2834,9.0,False,False,0,158,743,78,5,0,491,41, ,I-Work_Experience
xx,2835,2837,9.0,False,False,0,241,743,16,5,0,492,41, ,I-Work_Experience
xxxxxxxxxxxx,2838,2850,9.0,False,False,0,261,743,98,5,0,493,41,,I-Work_Experience
.,2850,2851,9.0,False,False,0,360,743,4,5,0,494,41,"


",I-Work_Experience
Xxxxxxx,2854,2861,9.0,True,False,0,95,768,64,5,0,495,42,,B-Work_Experience
:,2861,2862,9.0,True,False,0,159,768,6,5,0,496,42, ,I-Work_Experience
XXXXX,2863,2868,9.0,True,False,0,169,768,48,5,0,497,42,,I-Work_Experience
.,2868,2869,9.0,True,False,0,217,768,4,5,0,498,42,"
",I-Work_Experience
Xxxxxx,2870,2876,9.0,True,False,0,95,782,53,6,0,499,43,,I-Work_Experience
:,2876,2877,9.0,True,False,0,148,782,6,6,0,500,43, ,I-Work_Experience
Xxxx,2878,2882,9.0,False,False,0,158,782,30,6,0,501,43, ,I-Work_Experience
Xxxxxxxx,2883,2891,9.0,False,False,0,192,782,64,6,0,502,43,"

",I-Work_Experience
Xxxxxxx,2893,2900,9.0,True,False,0,95,795,56,5,0,503,44, ,I-Work_Experience
xx,2901,2903,9.0,True,False,0,155,795,17,5,0,504,44,,I-Work_Experience
:,2903,2904,9.0,False,False,0,172,795,5,5,0,505,44, ,I-Work_Experience
00,2905,2907,9.0,False,False,0,181,795,17,5,0,506,44,,I-Work_Experience
/,2907,2908,9.0,False,False,0,198,795,5,5,0,507,44,,I-Work_Experience
0000,2908,2912,9.0,False,False,0,203,795,33,5,0,508,44, ,I-Work_Experience
x,2913,2914,9.0,False,False,0,240,795,8,5,0,509,44, ,I-Work_Experience
00,2915,2917,9.0,False,False,0,252,795,17,5,0,510,44,,I-Work_Experience
/,2917,2918,9.0,False,False,0,269,795,4,5,0,511,44,,I-Work_Experience
0000,2918,2922,9.0,False,False,0,273,795,34,5,0,512,44,"

",I-Work_Experience
Xxxxxxxxxx,2924,2934,9.0,True,False,0,95,809,77,5,0,513,45, ,I-Work_Experience
Xxxxxxxxx,2935,2944,9.0,True,False,0,177,809,71,5,0,514,45,,I-Work_Experience
:,2944,2945,9.0,True,False,0,248,809,6,5,0,515,45, ,I-Work_Experience
Xxxxxxx,2946,2953,9.0,False,False,0,260,809,56,5,0,516,45, ,I-Work_Experience
xx,2954,2956,9.0,False,False,0,322,809,17,5,0,517,45, ,I-Work_Experience
xxxxxxxxxxx,2957,2968,9.0,False,False,0,344,809,83,5,0,518,45, ,I-Work_Experience
xx,2969,2971,9.0,False,False,0,433,809,16,5,0,519,45, ,I-Work_Experience
xxxxxxxx,2972,2980,9.0,False,False,0,455,809,55,5,0,520,45, ,I-Work_Experience
xxxx,2981,2985,9.0,False,False,0,516,809,29,5,0,521,45, ,I-Work_Experience
xxxxxxxxx,2986,2995,9.0,False,False,0,551,809,64,5,0,522,45, ,I-Work_Experience
xx,2996,2998,9.0,False,False,0,621,809,15,5,0,523,45, ,I-Work_Experience
xxxxxxxxx,2999,3008,9.0,False,False,0,642,809,70,5,0,524,45, ,I-Work_Experience
x,3009,3010,9.0,False,False,0,718,809,7,5,0,525,45, ,I-Work_Experience
xxxxxxxxxxx,3011,3022,9.0,False,False,0,731,809,77,5,0,526,45, ,I-Work_Experience
xxxxx,3023,3028,9.0,False,False,0,814,809,36,5,0,527,45, ,I-Work_Experience
xxxxxxxx,3029,3037,9.0,False,False,0,856,809,59,5,0,528,45, ,I-Work_Experience
x,3038,3039,9.0,False,False,0,920,809,8,5,0,529,45,"

",I-Work_Experience
xxxxxxxx,3041,3049,9.0,False,False,0,95,823,55,6,0,530,46,,I-Work_Experience
.,3049,3050,9.0,False,False,0,150,823,4,6,0,531,46, ,I-Work_Experience
Xxxxxxxxxx,3051,3061,9.0,False,False,0,158,823,74,6,0,532,46, ,I-Work_Experience
xx,3062,3064,9.0,False,False,0,236,823,17,6,0,533,46, ,I-Work_Experience
xxxxxxx,3065,3072,9.0,False,False,0,257,823,50,6,0,534,46, ,I-Work_Experience
xx,3073,3075,9.0,False,False,0,311,823,21,6,0,535,46, ,I-Work_Experience
xxxxxxxxxxx,3076,3087,9.0,False,False,0,336,823,82,6,0,536,46, ,I-Work_Experience
x,3088,3089,9.0,False,False,0,423,823,7,6,0,537,46, ,I-Work_Experience
xxxxxxxxx,3090,3099,9.0,False,False,0,434,823,64,6,0,538,46, ,I-Work_Experience
xx,3100,3102,9.0,False,False,0,502,823,16,6,0,539,46, ,I-Work_Experience
xxxxxx,3103,3109,9.0,False,False,0,522,823,50,6,0,540,46,,I-Work_Experience
.,3109,3110,9.0,False,False,0,572,823,4,6,0,541,46,"


",I-Work_Experience
Xxxxxxx,3113,3120,9.0,True,False,0,95,847,64,5,0,542,47,,B-Work_Experience
:,3120,3121,9.0,True,False,0,159,847,6,5,0,543,47, ,I-Work_Experience
XXXXXX,3122,3128,9.0,True,False,0,169,847,71,5,0,544,47,,I-Work_Experience
.,3128,3129,9.0,True,False,0,240,847,4,5,0,545,47,"
",I-Work_Experience
Xxxxxx,3130,3136,9.0,True,False,0,95,861,53,5,0,546,48,,I-Work_Experience
:,3136,3137,9.0,True,False,0,148,861,6,5,0,547,48, ,I-Work_Experience
Xxxx,3138,3142,9.0,False,False,0,158,861,30,5,0,548,48, ,I-Work_Experience
Xxxxxxxx,3143,3151,9.0,False,False,0,192,861,64,5,0,549,48,"

",I-Work_Experience
Xxxxxxx,3153,3160,9.0,True,False,0,95,875,56,6,0,550,49, ,I-Work_Experience
xx,3161,3163,9.0,True,False,0,155,875,17,6,0,551,49,,I-Work_Experience
:,3163,3164,9.0,False,False,0,172,875,5,6,0,552,49, ,I-Work_Experience
00,3165,3167,9.0,False,False,0,181,875,17,6,0,553,49,,I-Work_Experience
/,3167,3168,9.0,False,False,0,198,875,5,6,0,554,49,,I-Work_Experience
0000,3168,3172,9.0,False,False,0,203,875,33,6,0,555,49, ,I-Work_Experience
x,3173,3174,9.0,False,False,0,240,875,8,6,0,556,49, ,I-Work_Experience
00,3175,3177,9.0,False,False,0,252,875,17,6,0,557,49,,I-Work_Experience
/,3177,3178,9.0,False,False,0,269,875,4,6,0,558,49,,I-Work_Experience
0000,3178,3182,9.0,False,False,0,273,875,34,6,0,559,49,"

",I-Work_Experience
Xxxxxxxxxx,3184,3194,9.0,True,False,0,95,888,77,5,0,560,50, ,I-Work_Experience
Xxxxxxxxx,3195,3204,9.0,True,False,0,181,888,71,5,0,561,50,,I-Work_Experience
:,3204,3205,9.0,True,False,0,252,888,6,5,0,562,50, ,I-Work_Experience
Xxxxxxxxxxx,3206,3217,9.0,False,False,0,267,888,85,5,0,563,50, ,I-Work_Experience
xxxx,3218,3222,9.0,False,False,0,362,888,28,5,0,564,50, ,I-Work_Experience
xxxxxxxx,3223,3231,9.0,False,False,0,399,888,59,5,0,565,50, ,I-Work_Experience
xx,3232,3234,9.0,False,False,0,468,888,16,5,0,566,50, ,I-Work_Experience
xxxxx,3235,3240,9.0,False,False,0,493,888,40,5,0,567,50, ,I-Work_Experience
xxxxxxxx,3241,3249,9.0,False,False,0,543,888,51,5,0,568,50,,I-Work_Experience
",",3249,3250,9.0,False,False,0,594,888,5,5,0,569,50, ,I-Work_Experience
xxxxxxxxxxx,3251,3262,9.0,False,False,0,608,888,90,5,0,570,50, ,I-Work_Experience
xx,3263,3265,9.0,False,False,0,707,888,16,5,0,571,50, ,I-Work_Experience
xxxxxxx,3266,3273,9.0,False,False,0,733,888,42,5,0,572,50,,I-Work_Experience
",",3273,3274,9.0,False,False,0,775,888,5,5,0,573,50, ,I-Work_Experience
xxxxxxx,3275,3282,9.0,False,False,0,789,888,49,5,0,574,50, ,I-Work_Experience
xx,3283,3285,9.0,False,False,0,847,888,16,5,0,575,50, ,I-Work_Experience
xxxxxxx,3286,3293,9.0,False,False,0,873,888,51,5,0,576,50,,I-Work_Experience
",",3293,3294,9.0,False,False,0,924,888,4,5,0,577,50,"

",I-Work_Experience
xxxxxxxxxxxx,3296,3308,9.0,False,False,0,95,902,88,6,0,578,51, ,I-Work_Experience
xx,3309,3311,9.0,False,False,0,189,902,15,6,0,579,51, ,I-Work_Experience
xxxxxxxx,3312,3320,9.0,False,False,0,209,902,55,6,0,580,51, ,I-Work_Experience
x,3321,3322,9.0,False,False,0,269,902,7,6,0,581,51, ,I-Work_Experience
xxxxxxxx,3323,3331,9.0,False,False,0,281,902,59,6,0,582,51, ,I-Work_Experience
xxx,3332,3335,9.0,False,False,0,345,902,20,6,0,583,51, ,I-Work_Experience
xxxx,3336,3340,9.0,False,False,0,370,902,24,6,0,584,51, ,I-Work_Experience
xxxxxxxxxxx,3341,3352,9.0,False,False,0,399,902,83,6,0,585,51, ,I-Work_Experience
xx,3353,3355,9.0,False,False,0,487,902,16,6,0,586,51, ,I-Work_Experience
xxxxxx,3356,3362,9.0,False,False,0,507,902,46,6,0,587,51, ,I-Work_Experience
xxx,3363,3366,9.0,False,False,0,558,902,29,6,0,588,51, ,I-Work_Experience
xxxxxxxx,3367,3375,9.0,False,False,0,592,902,51,6,0,589,51, ,I-Work_Experience
xxxxxxxxxx,3376,3386,9.0,False,False,0,648,902,71,6,0,590,51, ,I-Work_Experience
x,3387,3388,9.0,False,False,0,724,902,8,6,0,591,51, ,I-Work_Experience
xxxxxxxxxxx,3389,3400,9.0,False,False,0,736,902,79,6,0,592,51, ,I-Work_Experience
xxxx,3401,3405,9.0,False,False,0,819,902,29,6,0,593,51, ,I-Work_Experience
xxxxxxxxxx,3406,3416,9.0,False,False,0,853,902,75,6,0,594,51,"

",I-Work_Experience
x,3418,3419,9.0,False,False,0,95,915,8,5,0,595,52, ,I-Work_Experience
xxxxxxxxxxx,3420,3431,9.0,False,False,0,107,915,73,5,0,596,52, ,I-Work_Experience
xx,3432,3434,9.0,False,False,0,185,915,15,5,0,597,52, ,I-Work_Experience
xxxxxxxx,3435,3443,9.0,False,False,0,205,915,51,5,0,598,52,,I-Work_Experience
.,3443,3444,9.0,False,False,0,256,915,4,5,0,599,52,"

",I-Work_Experience
